feature,importance_gain
C7,0.28112432
C4,0.104817815
C14,0.058774635
C1,0.05103128
addr2,0.03320226
C5,0.031782694
C8,0.030142572
card6,0.027178494
C13,0.02355398
D3,0.020866046
ProductCD,0.018456714
R_emaildomain,0.016799074
D2,0.016576547
M6,0.016070789
M5,0.015506989
C11,0.015401486
M4,0.0150294565
C9,0.013542262
C12,0.012821381
card3,0.012560101
C6,0.011459801
C2,0.011021427
card2,0.009763233
C10,0.009741909
M3,0.00965619
D5,0.009503432
P_emaildomain,0.00948765
D1,0.00888472
addr1,0.008806046
TransactionAmt,0.008683758
D15,0.008663452
card5,0.008269585
card1,0.008103747
D10,0.007982237
D4,0.007889274
M9,0.007870807
card4,0.0068215476
dist1,0.0065597678
C3,0.0060713585
M2,0.0057391315
M1,0.004702984
M7,0.0046035666
M8,0.0044754334
